"name","firstname","gender","userName","password","profession","nationality","telephone","img","email"
"Clarke","Anthony Booth","Male","Alexander","OKS23LNX2NX","","Calapan","212788582669","10","anthonybooth-clarke2474@icloud.com"
"Brynne","Xaviera Crane","Female","William","AYT82JQF1JQ","","Dublin","212374488753","11","brynne.xavieracrane@protonmail.ca"
"Justin","Ivory Lucas","Male","Mcintyre","KFO87KWX2YK","","Chongqing","212272531424","12","ijustin9430@aol.org"
"Bruce","Leandra Stokes","Female","Spears","ISL79YBK4PR","","Iquitos","212233566183","13","leandrastokes_bruce@protonmail.edu"
"Rhoda","Emily Rush","Male","Hudson","VIM21WZT8SO","","Denderwindeke","212624927154","14","rhodaemilyrush@outlook.com"
"Brenda","Echo Cunningham","Female","Harrell","XLC93LVT1TE","","Cherkasy","212226724363","15","e-brenda@yahoo.net"
"Iola","Bruce Deleon","Male","Callahan","RLX26KHQ3FO","","Rio de Janeiro","212752453376","16","b_iola@icloud.ca"
"Nita","Grant Sloan","Female","O'brien","LRL76VYA9IT","","Lviv","212926142224","17","grantsloan-nita5551@google.net"
"Paul","Sonia Jennings","Male","Cohen","JLF63HNI5ME","","Miryang","212734657386","18","soniajennings.paul4785@outlook.com"
"Hillary","Aline Snyder","Female","Christian","ODN76ZXB8WV","","Oslo","212325529658","19","halinesnyder@icloud.com"
"Adele","Martina Robles","Male","Ortega","WOQ05GMI4EJ","","Chuncheon","212142991761","20","martinarobles-adele5538@yahoo.org"
"Ian","William Perez","Female","Stark","XYX37VRC9YC","","PiŽtrain","212261726645","21","ian-williamperez654@hotmail.com"
"Noelani","Whilemina Roberson","Male","Gould","BMI10SZJ7MR","","Traiskirchen","212898545884","22","n-whileminaroberson@hotmail.couk"
"Richard","Baxter Arnold","Female","Bauer","XME03TFS1OJ","","Bengkulu","212362224964","23","r-baxterarnold1305@outlook.edu"
"Amelia","Bryar Lynn","Male","Knowles","BGV22CFW1MD","","Pondicherry","212327273725","24","bryarlynn-amelia5246@outlook.org"
"Camille","Blake Stevens","Female","Franklin","IQW71CQE1RO","","Western Water Catchment","212547649555","25","camilleblakestevens3875@aol.edu"
"Wang","Hanae Phillips","Male","Wilkerson","DEY33MOV6ZQ","","Katsina","212174337595","26","h.wang@google.org"
"Audrey","Renee Bowen","Female","Bradley","HKT87IHK1NL","","Manizales","212616577772","27","audrey_reneebowen@protonmail.couk"
"Lee","Kellie Frye","Male","Patrick","JTA06EWH5FO","","Yahyalı","212755583334","28","l_kelliefrye@aol.edu"
"Elijah","Lee Logan","Female","Hogan","EHF48SIQ1IT","","San José de Alajuela","212387879776","29","leelogan-elijah@icloud.org"
"Ivan","Margaret Mullins","Male","Boyer","GBA15UHQ4OV","","Montrose","212757838821","30","i_margaretmullins2242@protonmail.net"
"Wesley","Jared Jordan","Female","Moran","XXC88GPV7YW","","Guápiles","212523657236","31","j.wesley2609@hotmail.com"
"Irene","Geoffrey Barr","Male","Frazier","RUD74QAN5LL","","Viranşehir","212433272772","32","irene.geoffreybarr8022@hotmail.edu"
"Cathleen","Chelsea Johns","Female","Franklin","LBX58RTC1VT","","Cagayan de Oro","212888215585","33","ccathleen1267@hotmail.org"
"Jada","Cody Burke","Male","Hancock","PSN10GUU7MT","","Okigwe","212528537234","34","c_jada@icloud.ca"
"Whoopi","Petra Aguirre","Female","Osborne","MLX25TMX6LS","","San Vicente del Caguán","212842743739","35","wpetraaguirre2263@aol.couk"
"Lysandra","Nerea Bauer","Male","Sharpe","RBE40GKQ8UA","","Murmansk","212218655685","36","lnereabauer@yahoo.org"
"Sawyer","Kasimir Shannon","Female","Patel","FZN52NXG4QV","","Vaux-sous-ChŽvremont","212885411668","37","kasimirshannonsawyer@icloud.org"
"Lamar","Scarlet Murphy","Male","Jordan","KNS81MLU3OX","","Chandigarh","212638879365","38","scarletmurphy-lamar5526@outlook.com"
"Felix","Graham Woods","Female","Mcgowan","LQP11BHP8HM","","Matamata","212746758445","39","felix.grahamwoods@protonmail.couk"
"Baker","Wynne Robertson","Male","Sharp","OWH51EWJ1OG","","Los Muermos","212987984154","40","bwynnerobertson1342@protonmail.com"
"Clare","Violet Schwartz","Female","Kramer","XOW44DHD8AO","","Uitenhage","212273527689","41","cvioletschwartz114@yahoo.org"
"Ulla","Rowan Pope","Male","Mack","RSN06NOI4NR","","Sandnessjøen","212788244693","42","ulla-rowanpope5625@hotmail.couk"
"Jaime","Ebony Carlson","Female","Wagner","DUL45MRR5UW","","Kohima","212143513194","43","j-ebonycarlson9951@outlook.ca"
"Hanna","Ayanna Justice","Male","Roach","PZP34QBW6FJ","","Castelbaldo","212728592822","44","h.ayannajustice@aol.org"
"Lee","Cadman Murray","Female","Nolan","RWU35HNR9MH","","Ełk","212846567325","45","l.cadmanmurray2682@aol.couk"
"Charissa","Jeremy Harmon","Male","Kramer","JVX24JJP3OC","","Malaybalay","212942883228","46","jeremyharmon_charissa@outlook.couk"
"Lamar","Denise Baxter","Female","Vazquez","DPM73ENN9QN","","Guadalajara","212882422246","47","lamar-denisebaxter@outlook.couk"
"Carter","Orlando Orr","Male","Castillo","YCV32PPX5RR","","General Lagos","212638542769","48","c.orlandoorr@outlook.net"
"Hillary","Hillary Oneil","Female","Sawyer","QTK80MKI6FK","","Águas Lindas de Goiás","212587496871","49","hillaryoneil-hillary@google.com"
"Phelan","Doris Pittman","Male","Barrera","BXR23FPY6KX","","Drammen","212885776139","50","phelan.dorispittman3052@google.com"
"Mason","Sasha Glover","Female","Sosa","YBZ81XQI0XW","","Jönköping","212731149141","10","sashaglover.mason7591@yahoo.org"
"Alden","Idona Bray","Male","Pittman","FWQ46ISF5OR","","Camarones","212525322725","11","a_idonabray@outlook.com"
"Colette","Levi Dodson","Female","Moody","WMM28OTJ1ZU","","Jeju","212968153769","12","levidodson_colette@aol.net"
"Oren","Nathan Gates","Male","Harrison","VGK07UCG3DP","","Cedar Rapids","212837755457","13","o-nathangates1079@hotmail.couk"
"Edan","Kieran Ayers","Female","Snow","LYC22VZC7HF","","Qambar Shahdadkot","212564573257","14","kieranayersedan@yahoo.edu"
"Griffith","Chester Willis","Male","Middleton","IXB50CTK1QI","","Canberra","212255819437","15","g.chesterwillis779@icloud.com"
"Ann","Britanni Little","Female","Shannon","FYQ34RJO0QH","","Timaru","212475596813","16","ann.britannilittle7896@aol.ca"
"Eliana","Asher Vang","Male","Sparks","UBT20VYI1FT","","Digos","212154435985","17","ashervang_eliana@yahoo.couk"
"Dominique","Wing Daniel","Female","Raymond","NXQ22YDM5NV","","Sialkot","212737759772","18","d_wingdaniel7253@icloud.com"
"Quintessa","Hammett Forbes","Male","Burns","RFZ68NGP6XE","","Karapınar","212361514864","19","q.hammettforbes4031@icloud.net"
"Akeem","Clark Hardin","Female","Fuentes","JRQ86CYG3BY","","Belfast","212587334185","20","akeem_clarkhardin6906@hotmail.org"
"Byron","Quail Harvey","Male","Vargas","JLH16XPT8WK","","Simpang","212532156182","21","b.quailharvey@google.edu"
"Nasim","Kay Le","Female","Wright","SOJ34TTY5DF","","Calbayog","212562786224","22","nkayle@hotmail.net"
"Colorado","Kay Pacheco","Male","Peterson","IWM54CYV4JA","","Sankt Ingbert","212461875356","23","c-kaypacheco6778@google.couk"
"Xandra","Yvonne Hale","Female","Mcpherson","FVI91ENB4XW","","Shreveport","212787778862","24","y_xandra9846@outlook.net"
"Catherine","Quinn Pennington","Male","Elliott","QRD25DIL4ME","","Yunnan","212469378647","25","cquinnpennington5150@google.org"
"Delilah","Shafira Middleton","Female","Shepard","YEE65MBU6OL","","Ełk","212552379854","26","shafiramiddleton.delilah@google.org"
"Michael","Peter Mullen","Male","Larsen","DRS22HMT1GX","","Silvassa","212681273786","27","m-petermullen5455@aol.net"
"Lars","Hedley Stanton","Female","Trujillo","VEJ42VRU1DF","","Santander","212426987479","28","larshedleystanton9513@yahoo.ca"
"Jesse","Leigh May","Male","Smith","NFY90VTN1QH","","Canberra","212487857668","29","jleighmay@outlook.net"
"Kyle","Kameko Barrera","Female","Hines","DAX54GTY1UE","","La Cisterna","212256445689","30","kkamekobarrera@hotmail.com"
"David","Iris House","Male","Grant","VCQ53VCL8VI","","Vehari","212214481286","31","irishouse-david8879@icloud.edu"
"Kermit","Fatima Campbell","Female","Bass","KHS11QNP0EJ","","Alajuela","212141275777","32","fatimacampbell.kermit5563@outlook.ca"
"Kato","Amir Delgado","Male","Nieves","YRT82FKK7UV","","Tây Ninh","212465964716","33","kamirdelgado@aol.com"
"Hanna","Vanna Webb","Female","Gibbs","VIU47JHL5RC","","Fujian","212528316475","34","hanna_vannawebb@aol.org"
"Dillon","Xenos Dotson","Male","Carson","YMU83SEO8ZG","","Rockhampton","212563463657","35","xenosdotson.dillon@protonmail.ca"
"Noel","Lani Juarez","Female","Mcguire","DKK03LEL8WB","","São Luís","212851442914","36","noel-lanijuarez580@hotmail.net"
"Danielle","Noelle Byers","Male","Mcmahon","AJO15OVY8LD","","Kohlu","212179816617","37","d_noellebyers683@outlook.couk"
"Charles","Palmer Wall","Female","Frazier","ABN40SGD6YT","","Schwalbach","212399837355","38","palmerwallcharles@yahoo.org"
"Upton","Zelenia Kirkland","Male","Shannon","CSH48DXC4BI","","Cheongju","212386724533","39","zeleniakirkland.upton@google.ca"
"Kalia","Ethan Lara","Female","Landry","PLF45QDK5GX","","Birecik","212324571358","40","k.ethanlara@google.net"
"Mason","Orson Miranda","Male","Lloyd","WLE57HSN2VX","","Punitaqui","212222136651","41","m.orsonmiranda2661@outlook.org"
"Tanek","Whoopi Robinson","Female","Villarreal","XNN83HSD2RN","","Puerto Princesa","212661948458","42","t.whoopirobinson@hotmail.edu"
"Madeline","Gail Valencia","Male","Austin","ROT25ERZ0GB","","Birmingham","212887884757","43","g_madeline@aol.edu"
"Halee","Keegan Deleon","Female","Grant","FUA78MFV6LH","","Ceuta","212834423323","44","keegandeleonhalee@google.edu"
"Dante","Ronan Woodard","Male","Lindsey","SXN64SMG9BG","","Paulista","212624138255","45","r-dante@protonmail.com"
"Wade","Joelle Butler","Female","Perkins","TOZ57HLE5FG","","Ceuta","212424863586","46","j.wade5548@aol.edu"
"Yoshi","Cullen Lowery","Male","Rosario","YEZ22ZLW6TL","","Dunedin","212374573384","47","c_yoshi@hotmail.couk"
"Zelenia","Gregory Johnston","Female","Bell","NQN76NGM6HT","","Changi","212428766573","48","gzelenia943@hotmail.net"
"Roary","Elijah Mcgee","Male","Johnston","TKP22JJJ2IV","","La Pintana","212543785894","49","elijahmcgee_roary5418@google.org"
"Theodore","Brent Merritt","Female","Padilla","QLC68GJG7HD","","Otukpo","212762383785","50","tbrentmerritt6562@protonmail.couk"
"Finn","Sigourney Langley","Male","Carney","SRN76FLB0RJ","","St. John's","212162847388","51","finn-sigourneylangley6312@outlook.edu"
"Nicholas","Beau Blankenship","Female","Rush","LJO76BCH6ZE","","Odessa","212528786627","52","beaublankenship_nicholas6494@protonmail.net"
"Maggie","Julie Kane","Male","Mullins","NDC43LMV7VO","","Garzón","212765816324","53","maggie_juliekane1612@protonmail.com"
"Kristen","Kimberly Brown","Female","Rivers","SQC05SNJ6IP","","Bacolod","212974382683","54","kimberlybrown-kristen@aol.org"
"Barclay","Ella Kim","Male","Huber","BTO92KMK8VC","","Dublin","212494443563","55","e.barclay@aol.net"
"Tanya","Stone Thornton","Female","Gillespie","TPT24WBD6CH","","Goes","212285585269","56","stonethornton_tanya@icloud.com"
"Jack","Fulton Wise","Male","Weber","DPQ38NSG7BD","","Sokoto","212973735917","57","fultonwise.jack@google.ca"
"Gisela","Keaton Fleming","Female","Macias","QBO38ZIM8AY","","Esterzili","212655782335","58","keatonfleming.gisela@protonmail.edu"
"Dorian","Jeremy Carroll","Male","Dalton","LJV87INJ4WG","","Caucaia","212671117888","59","jeremycarroll-dorian3583@outlook.edu"
"Quinn","Thor Hartman","Female","Rice","CWY37KWI0PT","","Linköping","212625835653","60","q_thorhartman7940@icloud.com"
"Allegra","Kevin Roth","Male","Mcbride","SMM30KPP3TS","","Zeist","212856433453","61","a.kevinroth7191@icloud.edu"
"Alyssa","Cameran Marquez","Female","Beasley","RQN79CYP2VG","","Orizaba","212435521779","62","alyssa.cameranmarquez@icloud.org"
"Barclay","Fulton Vang","Male","Hodge","SVX86BYS3UY","","Ivanovo","212737873359","63","fultonvang.barclay@protonmail.couk"
"Noble","Hyatt Whitaker","Female","Pugh","FVL98LUV4GH","","Calbayog","212235983715","64","noblehyattwhitaker3107@outlook.couk"
"Micah","Bree Everett","Male","Webster","EYM53WHY1BK","","Kano","212626982842","65","b_micah@icloud.couk"
"Rhiannon","Owen Hatfield","Female","Mcpherson","VQO99VXK5GK","","Moncton","212536185786","66","r-owenhatfield@aol.couk"
"Neil","Michelle Williamson","Male","Page","JSK42QGW8WF","","Berlin","212544863126","67","michellewilliamson.neil7721@icloud.couk"
"Jordan","Igor Mccray","Female","Mcbride","XNY17MFV5NO","","Haridwar","212597654487","68","igormccray_jordan6826@outlook.com"
